<?xml version="1.0" encoding="utf-8"?>
<install type="module" version="1.5.0">
    <name>Airport Shuffle</name>
    <author>Oshan Rube
</author>
    <version>1.5.0</version>
    <description>module to help quick shuttle
</description>
    <files>
        <filename>mod_airportshuffle.xml</filename>
        <filename module="mod_airportshuffle">mod_airportshuffle.php</filename>
        <filename>index.html</filename>
        <filename>helper.php</filename>
        <filename>tmpl/default.php</filename>
        <filename>tmpl/index.html</filename>
    </files>
    <params>
    </params>
</install>
