<?xml version="1.0" encoding="utf-8"?>
<install type="module" version="1.5.0">
    <name>Quick Airport Shuttle</name>
    <author>Oshan Rube
</author>
    <version>1.5.0</version>
    <description>interface to quick shuttle
</description>
    <files>
        <filename>mod_quickairportshuttle.xml</filename>
        <filename module="mod_quickairportshuttle">mod_quickairportshuttle.php</filename>
        <filename>index.html</filename>
        <filename>helper.php</filename>
        <filename>tmpl/default.php</filename>
        <filename>tmpl/index.html</filename>
    </files>
    <params>
    </params>
</install>
